{
    "accuracy": 0.9550102249488752,
    "f1_score": 0.8804347826086957,
    "roc_auc": 0.9909600997506234,
    "average_precision": 0.9625672272706984
}