{
    "accuracy": 0.9591002044989775,
    "f1_score": 0.8888888888888888,
    "roc_auc": 0.9915835411471321,
    "average_precision": 0.9681162427721104
}