{
    "accuracy": 0.9591002044989775,
    "f1_score": 0.8876404494382022,
    "recall": 0.8977272727272727,
    "roc_auc": 0.9919519383359783,
    "average_precision": 0.9700113600858623
}