{
    "iterations": 153,
    "learning_rate": 0.07368979444774407,
    "depth": 6,
    "l2_leaf_reg": 6,
    "min_data_in_leaf": 17,
    "best_cv_score": 0.9756063871473355
}