{
    "iterations": 175,
    "learning_rate": 0.07924366730175401,
    "depth": 6,
    "l2_leaf_reg": 3,
    "min_data_in_leaf": 18,
    "best_cv_score": 0.9777929075235111
}