{
    "best_params": {
        "border_count": 128,
        "depth": 8,
        "iterations": 300,
        "l2_leaf_reg": 3,
        "learning_rate": 0.1,
        "best_cv_score": 0.9806132445141067
    },
    "cv_score": 0.9806132445141067,
    "test_metrics": {
        "accuracy": 0.950920245398773,
        "recall": 