{
    "best_params": {
        "iterations": 188,
        "learning_rate": 0.05676789261281223,
        "depth": 6,
        "l2_leaf_reg": 3,
        "min_data_in_leaf": 18,
        "best_cv_score": 0.9777938871473355
    },
    "cv_score": 0.9777938871473355,
    "test_metrics": {
        "accuracy": 0.9591002044989775,
        "recall": 0.9204545454545454,
        "f1_score": 0.8901098901098901,
        "roc_auc": 0.9931138063931081,
        "average_precision": 0.972206014634867
    },
    "cv_scores_per_fold": [
        0.975,
        0.975,
        0.98125,
        0.9717868338557993,
        0.9875
    ],
    "cv_mean": 0.97810736677116,
    "cv_std": 0.0056099607024950844,
    "note": "Pipeline-based CV (no data leakage)"
}