{
    "best_params": {
        "depth": 6,
        "iterations": 200,
        "l2_leaf_reg": 7,
        "learning_rate": 0.08,
        "min_data_in_leaf": 5,
        "best_cv_score": 0.9787343260188088
    },
    "cv_score": 0.9774804075235111,
    "test_metrics": {
        "accuracy": 0.9631901840490797,
        "recall": 0.9204545454545454,
        "f1_score": 0.9,
        "roc_auc": 0.9923770120154161,
        "average_precision": 0.9693242251369881
    },
    "cv_scores_per_fold": [
        0.975,
        0.975,
        0.984375,
        0.9686520376175548,
        0.984375
    ],
    "cv_mean": 0.9774804075235111,
    "cv_std": 0.006087951527328229,
    "note": "Pipeline-based CV (no data leakage)"
}