{
    "best_params": {
        "border_count": 128,
        "depth": 8,
        "iterations": 300,
        "l2_leaf_reg": 3,
        "learning_rate": 0.1,
        "best_cv_score": 0.9806132445141067
    },
    "cv_score": 0.9806132445141067,
    "test_metrics": {
        "accuracy": 0.950920245398773,
        "recall": 0.8977272727272727,
        "f1_score": 0.8681318681318682,
        "roc_auc": 0.9918385853547949,
        "average_precision": 0.9686543729045805
    },
    "cv_scores_per_fold": [
        0.975,
        0.971875,
        0.9875,
        0.9811912225705329,
        0.9875
    ],
    "cv_mean": 0.9806132445141067,
    "cv_std": 0.006372664937718578
}