{
    "accuracy": 0.9488752556237219,
    "f1_score": 0.8603351955307262,
    "roc_auc": 0.9865251643618227,
    "average_precision": 0.9498132756849904
}