{
    "accuracy": 0.9488752556237219,
    "f1_score": 0.861878453038674,
    "recall": 0.8863636363636364,
    "roc_auc": 0.9868935615506688,
    "average_precision": 0.9477387099657633
}