{
    "accuracy": 0.9427402862985685,
    "f1_score": 0.8556701030927835,
    "recall": 0.9431818181818182,
    "roc_auc": 0.9888347313534347,
    "average_precision": 0.9567852026562711
}