{
    "accuracy": 0.9222903885480572,
    "f1_score": 0.8020833333333334,
    "recall": 0.875,
    "roc_auc": 0.9727102697800951,
    "average_precision": 0.8528133857755147
}