{
    "accuracy": 0.9611451942740287,
    "f1_score": 0.8938547486033519,
    "roc_auc": 0.9933971888460666,
    "average_precision": 0.973006252105272
}