{
    "accuracy": 0.9570552147239264,
    "f1_score": 0.8839779005524862,
    "recall": 0.9090909090909091,
    "roc_auc": 0.9930571299025164,
    "average_precision": 0.9722685767225805
}