{
    "accuracy": 0.8813905930470347,
    "f1_score": 0.71,
    "roc_auc": 0.8522868963953752,
    "average_precision": 0.5462299235784666
}