{
    "accuracy": 0.8813905930470347,
    "f1_score": 0.7070707070707071,
    "recall": 0.7954545454545454,
    "roc_auc": 0.8478519610065745,
    "average_precision": 0.5430081630583582
}